ID,Category,Title,Content,Severity
0,Causes And Triggers,Stress Relief,"Individuals who experience stress in different environments such as work or home, may resort to alcohol as a coping mechanism. This method of stress relief can quickly transform into a maladaptive and repeating pattern, leading to increased consumption of alcohol and dependence over time.",8
1,Causes And Triggers,Family History of Alcoholism,"Genetics can contribute to the development of alcoholism in an individual. Research has shown that certain genes, including those controlling alcohol metabolism, are integral factors in alcoholism. Additionally, growing up in an environment that normalizes or encourages harmful drinking behaviors could also contribute to the development of alcoholism.",9
2,Causes And Triggers,Personal Choice and Pattern of Drinking,Some individuals consciously choose to engage in maladaptive drinking despite knowing the potential personal risks or warning signs. Disordered drinking patterns that develop gradually can lead to dependence or alcoholism.,7
3,Causes And Triggers,Mental Health and Co-Occurring Disorders,"Individuals dealing with mental health conditions like depression, anxiety, bipolar disorder or post-traumatic stress disorder (PTSD) can have a higher risk for developing alcoholism. This is often because they may use alcohol as a coping mechanism to alleviate the symptoms of their mental health condition.",8
4,Causes And Triggers,Unsupervised Underage Drinking,"The onset of drinking during teenage years due to peer pressure, social conformity, or a desire to appear mature can increase the risk of developing alcoholism later in life. Without proper supervision and intervention from parents or guardians, these habits could lead to dependence on alcohol.",8
5,Causes And Triggers,Exposure to Traumatic Experiences,"Survivors of traumatic experiences, such as battle or personal abuse, may turn to alcohol as a method of coping with their harrowing memories. This pattern can escalate into alcoholism as the individual forms an emotional dependence on the substance to deal with the trauma.",8
6,Causes And Triggers,Self-Esteem Issues and Negative Self-Perception,"Individuals who struggle with feelings of low self-esteem or self-worth may turn to alcohol as a means of escaping or numbing these negative emotions. This can result in frequent or heavy drinking, ultimately leading to alcoholism.",7
7,Causes And Triggers,Increased Drinking Behaviors Over Time,"Gradually consuming larger amounts of alcohol helps an individual build a tolerance, which eventually requires them to drink more alcohol to attain the desired effect. This increased drinking behavior over time can ultimately result in alcoholism.",8
8,Causes And Triggers,Influence of Social and Cultural Factors,"Cultural or social norms that encourage or glamorize drinking can significantly influence an individualâ€™s drinking habits. The pressure to conform to such norms can often lead to excessive consumption, thereby increasing the risk of developing an alcoholism.",8
9,Causes And Triggers,The Need to Fit In or Feel Accepted,"Struggling to belong or fit into a social group can make individuals succumb to peer pressure to drink. This pressure, coupled with the desire to feel accepted and included, can lead to the normalization of heavy drinking and subsequent alcoholism.",8
10,Causes And Triggers,Stimulus Control or Environmental Triggers,"Certain settings or habits, such as visiting a drinking buddy or hanging out in a favorite bar, can trigger a desire to consume alcohol. Over time, these environmental triggers can lead to dependency and eventual alcoholism.",9
11,Causes And Triggers,Self-Medication for Physical Pain or Emotional Distress,"Some individuals may resort to consuming alcohol as a way to manage physical pain or emotional distress. Without proper guidance or understanding of the risks, this form of self-medication can gradually develop into an addiction.",7
12,Causes And Triggers,Lack of Coping Mechanisms,"Individuals who lack healthier coping mechanisms, like pursuing hobbies or exercising, to deal with stress, boredom or emotional distress might turn to alcohol as a readily available alternative. This can lead to a cycle of dependence and alcoholism.",9
13,Causes And Triggers,Emotional Triggers,"Intense feelings such as anxiety, anger, depression, and loneliness can trigger the consumption of alcohol as individuals might choose to drink to alter their emotional state. This can lead to an unhealthy pattern of abuse and eventual alcoholism.",7
14,Causes And Triggers,The Role of Positive Reinforcement,"Alcohol consumption often results in immediate positive reinforcement, such as feelings of relaxation and sociability. The desire to reproduce these positive experiences can lead to increased alcohol consumption and the development of alcoholism.",8
15,Causes And Triggers,Prolonged Exposure to Alcohol,"Regular socialization in environments where alcohol is readily available can normalize its consumption, encouraging individuals to drink more. The prolonged exposure increases the chances of them developing alcoholism.",9
16,Causes And Triggers,Using Alcohol as an Escape From Reality,Situations that seem too difficult to confront may lead individuals to use alcohol as an escape. This avoidance mechanism can lead to a pattern of increased consumption and the onset of alcoholism.,8
17,Causes And Triggers,History of Abuse or Trauma,"Individuals who have a history of physical, sexual, or emotional abuse, or other forms of trauma may use alcohol as a coping mechanism to numb their pain. This, sadly, can lead to alcohol addiction.",9
18,Causes And Triggers,Genetic Predisposition,"Individuals with a genetic predisposition to alcoholism are at a much greater risk of developing the disorder. Certain genes have been linked with a higher likelihood of alcohol addiction. However, genetics alone do not determine an individual's destiny and environmental factors also play a crucial role.",7
19,Causes And Triggers,Dual Diagnosis or Presence of Mental Health Disorders,"Individuals diagnosed with a mental health disorder such as depression, anxiety, bipolar disorder, or schizophrenia are at a higher risk of developing alcoholism, as they may use alcohol as a means to cope with their mental illness. This dual diagnosis can complicate treatment for both disorders.",9
20,Causes And Triggers,Employment or Socio-Economic Factors,Jobs with high stress levels or individuals exposed to certain environments in their socio-economic circles can lean towards alcohol as a coping mechanism. These factors could subsequently increase the risk of developing an addiction to alcohol.,6
21,Causes And Triggers,Alcohol as a Sleeping Aid,"Some individuals may turn to alcohol as a way to help them fall asleep, as it can initially have a sedative effect. However, over time, this can lead to a reliance on alcohol for sleep, and ultimately result in alcohol addiction.",7
22,Causes And Triggers,Alcohol to Counteract Medication,"Individuals may misuse alcohol in an attempt to counteract the side effects of certain medications, which can lead to a dangerous pattern of consumption and ultimately result in alcoholism.",8
23,Causes And Triggers,Relationship Problems or Marital Conflict,"Frequent arguments, conflicts or dissatisfaction in a relationship can drive an individual to seek solace in alcohol. This negative coping strategy can lead to the gradual onset of alcohol addiction.",8
24,Causes And Triggers,Inappropriate Alcohol Education,"An inaccurate understanding or lack of education about the potential risks and effects of alcohol consumption can contribute to the development of alcoholism. Without comprehensive knowledge, individuals may underestimate the potential harm and find themselves dealing with an addiction over time.",7
25,Causes And Triggers,Loss or Grief,"The loss of a loved one can trigger intense emotions of grief and sadness. To numb this pain, individuals may turn to alcohol, putting them at risk of developing a dependence or addiction.",9
26,Causes And Triggers,Lack of Supportive Social Network,Individuals who are isolated or lack a supportive social network may turn to alcohol as a form of solace. The lack of positive social interaction can lead to an increase in alcohol consumption and ultimately result in alcoholism.,8
27,Causes And Triggers,Influence of Media and Advertising,"The portrayal of alcohol consumption in media and advertising can glamorize the act of drinking. Such influences can stimulate curiosity and interest in alcohol, especially among adolescents, potentially leading to alcoholism.",6
28,Causes And Triggers,Alcohol as a Social Lubricant,"Alcohol is widely perceived as a social lubricant, helping individuals to feel more relaxed, outgoing, and comfortable in social situations. Dependence on alcohol for social interaction can lead to increased consumption and the development of alcoholism.",7
29,Causes And Triggers,Risk-Taking or Adrenaline-Seeking Behavior,Individuals drawn to risk-taking or adrenaline-seeking behaviors may also be prone to experiment with alcohol. This adventurous disposition can increase the chances of developing an alcohol use disorder.,8
30,Causes And Triggers,Childhood Exposure to Alcohol,"Children who grow up in homes where alcohol consumption is rampant can perceive drinking as a normal part of adult life, making them more likely to engage in alcohol consumption at an early age. This childhood exposure to excessive drinking can significantly increase the risk of developing alcoholism later in life.",9
31,Causes And Triggers,Dealing with Post-Traumatic Stress Disorder (PTSD),Individuals dealing with Post-Traumatic Stress Disorder (PTSD) may resort to alcohol as a way to numb the symptoms and memories associated with the trauma. Continual use of alcohol as a coping mechanism in such cases can likely lead to alcohol addiction.,9
32,Causes And Triggers,Dealing with Innovational Trauma,"Individuals dealing with trauma from wartime incidents, accidents or other horrific events may resort to alcohol to numb their memories. These practices can lead to the formation of emotional dependence on alcohol for removal from the painful memories, leading to alcoholism.",8
33,Causes And Triggers,Alcohol as a Coping Mechanism Against Depression,Chemical changes in the brain induced by depression can make an individual turn to alcohol as a quick fix to elevate their mood. Regular consumption of alcohol to counteract symptoms of depression can eventually lead to alcoholism.,9
34,Causes And Triggers,Low Self-Esteem,"An individual with low self-esteem may resort to alcohol to escape feelings of self-loathing and inferiority. When a person doesn't value themselves, they may resort to heavy drinking regardless of the consequences, setting the stage for a potential alcohol addiction.",8
35,Causes And Triggers,Social Isolation,"Being socially isolated can lead to feelings of loneliness and depression, which may cause the individual to turn to alcohol as a companion or a means to regulate their mood. The constant resort to alcohol in such cases can lead to alcoholism over time.",7
36,Causes And Triggers,The Use of Alcohol as a Reward or Celebration,"Many people associate drinking alcohol with celebrating successes or rewarding themselves after a hard day's work. This can normalize frequent drinking, increase tolerance, and eventually lead to alcoholism if not checked.",6
37,Causes And Triggers,Alcohol to Overcome Social Anxiety,"People with social anxiety may use alcohol as a coping mechanism to ease their discomfort or nervousness in social situations. Over time, these individuals may rely heavily on alcohol to function socially, leading to an alcohol use disorder.",8
38,Causes And Triggers,Influence of Peer Pressure,"Peer pressure, especially among teenagers and young adults, can lead to experimentation with alcohol. If individuals feel forced to fit in or be accepted, they may engage in binge drinking or regular heavy drinking, which can lead to the development of alcoholism.",8
39,Causes And Triggers,Overcoming Physical Pain,"Individuals dealing with chronic physical pain may consume alcohol for temporary relief. Continued self-medication with alcohol can easily spiral into a dependence, leading to addiction.",7
40,Causes And Triggers,The Relationship Between Alcohol and Sex,"Some individuals may associate alcohol consumption with sexual activity, believing it makes them more attractive or improves their performance. This belief may motivate them to drink more, putting them at risk of developing alcoholism.",7
41,Causes And Triggers,Dealing with Life Transitions or Changes,"Major life transitions or changes such as moving, changing jobs, or retiring can bring about stress, and individuals may turn to alcohol to cope with these changes. Regular alcohol usage as a coping mechanism can lead to dependence and addiction.",7
42,Causes And Triggers,Escaping Reality or Denying an Issue,"Individuals dealing with difficult circumstances or serious issues they prefer to deny or avoid might use alcohol as a means of escape. Without confronting and seeking solutions to these issues, their dependence on alcohol can quickly turn into alcoholism.",8
43,Causes And Triggers,Lack of Awareness or Denial of Alcohol-related Harm,"Some individuals might not be aware of the harm caused by heavy drinking or choose to ignore it. This lack of awareness or denial can contribute to the development of an unhealthy drinking pattern, leading to alcoholism.",6
44,Causes And Triggers,Drinking When Angry or Upset,"Individuals may turn to alcohol when they're under emotional distress or feeling angry or upset, using it as a means to calm their feelings. This unhealthy coping mechanism can lead to an increase in alcohol consumption and potentially to alcoholism.",8
45,Causes And Triggers,Alcohol to Boost Confidence,"Some individuals may use alcohol to boost their confidence, especially in social situations where they need to speak in public or interact with others. The artificial boost to self-esteem given by alcohol can lead to regular drinking and potential addiction.",6
46,Causes And Triggers,Financial Stress and Alcohol,"Financial stress can lead to heavy drinking as a way to cope with anxiety, fear, and feelings of hopelessness. Regular consumption of alcohol as a response to financial stress can result in alcoholism.",8
47,Causes And Triggers,Accessibility of Alcohol,"Easy access to alcohol, due to its legal status and wide availability, is a significant factor that can contribute to the development of alcoholism. With alcohol being readily available in almost every store, the temptation for individuals to consume it may increase, leading to potential addiction.",6
48,Causes And Triggers,Working in High-Stress Environments,"Individuals working in high-stress environments or jobs, such as law enforcement, healthcare, or corporate settings, may turn to alcohol as a stress reliever. However, regular use of alcohol to cope with occupational stress can lead to dependence and alcoholism.",8
49,Causes And Triggers,Negative Role Modeling,"Witnessing parents or other major influencers in one's life regularly consume alcohol can potentially normalize heavy drinking, leading to an increased risk of developing alcoholism.",9
50,Causes And Triggers,Cultural and Community Norms,"Cultural and community norms that encourage or glorify alcohol consumption can contribute to the development of alcoholism. These norms can influence individuals to embrace alcohol as an integral part of their social life, resulting in increased consumption and potential addiction.",7
51,Causes And Triggers,Insomnia or Sleep Disturbances,"Individuals suffering from insomnia or other sleep disturbances may resort to alcohol, given its sedative effects. However, regular usage of alcohol as a sleep aid can lead to dependence and subsequent alcoholism.",7
52,Causes And Triggers,Feeling of Empowerment,"Some individuals may consume alcohol to feel empowered or in control. This false sense of empowerment can lead to regular alcohol consumption, ultimately resulting in alcoholism.",6
53,Causes And Triggers,Disconnected from Spirituality or Religion,"People who feel disconnected from their spiritual or religious beliefs may turn to alcohol as a means of filling this void. If not addressed properly, this misuse of alcohol can possibly lead to alcoholism.",6
54,Causes And Triggers,Use of Alcohol to Deal with Fear,"Individuals experiencing excessive fear or worry may turn to alcohol to alleviate these emotions temporarily. However, chronic use of alcohol to cope with fear can result in tolerance development and eventual alcoholism.",8
55,Causes And Triggers,Drinking to Overcome Shyness,Shy or introverted individuals may consume alcohol to feel more outgoing and socially confident. Continuous reliance on alcohol to overcome shyness can set the stage for an alcohol use disorder.,7
56,Causes And Triggers,Using Alcohol to Relieve Boredom,The absence of stimulating activities and boredom can push individuals toward alcohol for entertainment. Regular drinking due to boredom can lead to increased consumption and potentially result in alcoholism.,6
57,Causes And Triggers,Alcohol and Weight Issues,"Some individuals, particularly those with eating disorders or body image issues, may misuse alcohol as a means to control their weight. This unhealthy practice can lead to heavy drinking and subsequent alcoholism.",7
58,Causes And Triggers,Alcohol to Cope with Rejection,"Feelings of rejection whether in personal relationships or professional endeavors, can push individuals towards alcohol to numb the pain and disappointment. Regular drinking as a coping strategy for rejection can lead to dependence and alcoholism.",8
59,Causes And Triggers,Alcohol as a Creativity Booster,Some individuals may resort to alcohol with the misguided belief that it boosts their creativity or enhances their performance in their work or hobbies. Regular reliance on alcohol for creative stimulation can lead to gradual onset of alcohol addiction.,6
60,Causes And Triggers,Using Alcohol to Deal with Criticism,Individuals who struggle to accept or cope with criticism may resort to alcohol to manage their negative emotions. Continuous use of alcohol as a coping mechanism for criticism can lead to alcoholism over time.,7
61,Causes And Triggers,Absence of a Sober Environment,"People who live or socialize in environments where drinking is common, such as in certain social circles or in communities where drinking is culturally accepted, are more likely to develop alcohol dependence and addiction.",9
62,Causes And Triggers,Drinking to Overcome Loneliness,"Individuals dealing with feelings of loneliness may resort to alcohol to numb these emotions. If not addressed, this habit can evolve into an alcohol use disorder.",8
63,Causes And Triggers,Alcohol as a Companion,"For people who are socially isolated or lack a supportive social network, alcohol may become a companion. This unhealthy reliance on alcohol to combat loneliness can lead to alcoholism over time.",7
64,Causes And Triggers,Coping with Chronic Physical Pain,"Individuals struggling with chronic physical pain may resort to drinking as a temporary solution for pain management. However, consistent self-medication with alcohol can lead to alcohol dependence and addiction.",8
65,Causes And Triggers,Influence of Media and Popular Culture,"The portrayal of drinking in movies, TV shows, music videos, and the overall popular culture might glamorize the act. This influence can stimulate curiosity and interest in alcohol, particularly among younger audiences, potentially leading to alcoholism.",7
66,Causes And Triggers,Alcohol to Fit Into Societal Norms,"The societal norm of consuming alcohol in social settings, parties, or during celebrations can push individuals to drink to fit in, even when they don't want to. This pressure can lead to increased alcohol consumption and potential addiction.",7
67,Causes And Triggers,Lack of Access to Mental Health Support,"People who lack access to mental health support are likely to turn to alcohol as a way to cope with mental health issues. Over time, the reliance on alcohol in the absence of proper support can escalate to an alcohol use disorder.",8
68,Causes And Triggers,Alcohol to Mask Personal Failures or Regrets,Individuals dealing with personal failures or regrets may turn to alcohol as a means to forget or escape from their disappointing realities. Continuous use of alcohol in such cases can develop into an alcohol use disorder.,8
69,Causes And Triggers,Co-occurring Drug Addiction,Individuals with a pre-existing drug addiction might use alcohol either in combination with drugs or as a replacement when the drug of choice is unavailable. This can potentially lead to a co-occurring alcohol addiction.,9
70,Causes And Triggers,Alcohol to Overcome Social Inhibition,Individuals with social inhibitions might use alcohol to feel more,7
